<?xml version="1.0"?>
<Configuration>
  <Custom_Folders>
    <FRUField>Board Product</FRUField>
    <BQWF70900224>/root/SUP/Custom_WFP_latest-1</BQWF70900224>
    <S2600BPQ>/root/SDPTool/BNP/</S2600BPQ>
    <S2600WT2>/SDPTool/Custom_Deploy/WT_custom_110</S2600WT2>
    <S2600WT>/SDPTool/Custom_Deploy/WT_custom_110</S2600WT>
    <S2600WFT>/root/SUP/Custom_WFP_latest</S2600WFT>
    <S2600WTTR>/root/SUP/WT_custom_110</S2600WTTR>
    <QSBP72401039>/test/SUP/Firmware/S2600BP_bak</QSBP72401039>
    <FWSP63120018>/test/SUP/Firmware/S2600WFP</FWSP63120018>
  </Custom_Folders>
  </Configuration>
