<?xml version="1.0"?>
<Configuration>
  <SUP_Folders>
    <S2600WTTR>/root/SUP/S2600WT_EFI_BIOS01010027_ME030103050_BMC015311210_FRUSDR_117</S2600WTTR>
    <S2600KP/>
    <S2600TP>/root/SUP/S2600TP_EFI_BIOS01010026_ME030103043_BMC015111142_FRUSDR117</S2600TP>
    <S2600STB>/root/SUP/STP_EFI_BIOSX0165_Production_ACM_TXT_ME04.00.04.340.0_BMC_1.74.9255fe4d_s2600STB_1.42_FRUSDR</S2600STB>
    <S2600CW/>
    <S1200SP/>
    <S7200AP/>
    <S2600WFT>/root/SUP/WFP_EFI_BIOSX0149_Production_ACM_TXT_ME04.00.04.340.0_BMC_1.60.56383bef_WolfPass_1.60_FRUSDR</S2600WFT>
    <S2600WF0>/root/SUP/WFP_EFI_BIOSX0149_Production_ACM_TXT_ME04.00.04.340.0_BMC_1.60.56383bef_WolfPass_1.60_FRUSDR</S2600WF0>
    <S2600BPQ>/root/SUP/BNP_EFI_BIOSX0144_Production_ACM_TXT_ME04.00.04.340.0_BMC_1.60.e246a6c7_S2600BP_FRUSDR_137</S2600BPQ>
    <S2600BP>/root/SUP/BNP_EFI_BIOSX0144_Production_ACM_TXT_ME04.00.04.340.0_BMC_1.60.e246a6c7_S2600BP_FRUSDR_137</S2600BP>
  </SUP_Folders>
  <Custom_Folders>
    <FRUField>Board Product</FRUField>
    <BQWF70900224>/root/SUP/Custom_WFP_latest-1</BQWF70900224>
    <S2600BPQ>/root/SDPTool/BNP/</S2600BPQ>
    <S2600WT2>/SDPTool/Custom_Deploy/WT_custom_110</S2600WT2>
    <S2600WT>/SDPTool/Custom_Deploy/WT_custom_110</S2600WT>
    <S2600WFT>/root/SUP/Custom_WFP_latest</S2600WFT>
    <S2600WTTR>/root/SUP/WT_custom_110</S2600WTTR>
    <QSBP72401039>/test/SUP/Firmware/S2600BP_bak</QSBP72401039>
    <FWSP63120018>/test/SUP/Firmware/S2600WFP</FWSP63120018>
  </Custom_Folders>
  </Configuration>
